Gender,Height,Weight
Male,73.847017017515,241.893563180437
Male,68.78190404589029,162.3104725213
Male,74.11010539178491,212.7408555565
Male,71.7309784033377,220.042470303077
Male,69.8817958611153,206.349800623871
Male,67.2530156878065,152.212155757083
Male,68.78508125166161,183.92788860403098
Male,68.34851551158789,167.971110489509
Male,67.01894966288299,175.92944039571
Male,63.456493978366396,156.399676387112
Male,71.1953822829745,186.604925560358
Male,71.64080511922059,213.74116948941102
Male,64.7663291334055,167.127461073476
Male,69.2830700967204,189.446181386738
Male,69.2437322298112,186.434168021239
Male,67.6456197004212,172.18693005811699
Male,72.4183166259878,196.02850633048197
Male,63.974325721061,172.88347020877998
Male,69.64005989975229,185.98395757313
Male,67.93600485400951,182.426648013226
Male,67.9150501938206,174.115929081393
Male,69.4394398680395,197.73142161472
Male,66.14913196087811,149.173566007975
Male,75.20597361422121,228.761780615196
Male,67.8931963386043,162.006651848287
Male,68.1440327982008,192.343976579187
Male,69.0896314289256,184.435174408406
Male,72.80084351650031,206.828189420354
Male,67.4212422817167,175.213922399227
Male,68.49641535688271,154.34263892595501
Male,68.6181105502058,187.506843155807
Male,74.03380762166779,212.910225325521
Male,71.5282160355709,195.032243233835
Male,69.1801610995692,205.183621341371
Male,69.577202365402,204.164125484101
Male,70.4009288884762,192.90351507464902
Male,69.0761711675356,197.488242598925
Male,67.1935232827228,183.810973232751
Male,65.8073156549306,163.851824878622
Male,64.3041878915595,163.108017147583
Male,67.9743362271967,172.13559740682499
Male,72.18942595921341,194.04540489805902
Male,65.2703455240394,168.617746204292
Male,66.09017737627249,161.19343259662202
Male,67.5103215157138,164.660277264007
Male,70.1047862551571,188.922303151274
Male,68.25183644086721,187.060552163801
Male,72.1727091157973,209.070863390252
Male,69.1798576188774,192.014335412005
Male,72.870360147235,211.34249681964002
Male,64.7825829779871,165.61162618225
Male,70.18354988748371,201.071918099568
Male,68.4914502529394,173.42396034660098
Male,67.33083088101621,181.407679285937
Male,66.9909440825232,169.737707400252
Male,66.4995499002499,163.309528309674
Male,68.3530566463988,189.710209942456
Male,70.77445907039741,192.124847346168
Male,71.2159236694709,198.1984641076
Male,70.0133653490674,209.526499837126
Male,71.40318222075891,198.75979265985902
Male,69.5520050948319,198.07952365443802
Male,73.81853455776991,195.29061218972697
Male,66.99688275225,164.943302997003
Male,71.41846589309071,179.863902339297
Male,65.27930020900429,155.25042069404898
Male,68.2741914742284,184.51939124857398
Male,72.7653699463424,220.678041465283
Male,68.0993798003468,183.31265530722
Male,68.8967060721692,196.451312291183
Male,69.2895099633052,184.59560830027303
Male,70.52322452345649,207.532838518544
Male,69.6637252265179,177.20092875234798
Male,67.5952688079157,163.108002209381
Male,72.5081203801037,216.21823011273497
Male,71.2529856038086,204.655493822323
Male,71.8091868893668,200.920571219495
Male,72.24516547925191,220.901769881142
Male,66.51262766093471,196.449860340782
Male,66.0290340048182,168.640810039015
Male,67.57715394273501,181.432713008126
Male,68.2465686016242,198.658673326418
Male,73.8261270026308,237.916735863185
Male,69.8024643604904,173.04125590923303
Male,65.9595777848988,160.683916639879
Male,71.0790175757451,188.60291907066602
Male,66.5961965372077,208.34569403510898
Male,68.9515350928246,193.435118452271
Male,68.2444617923064,174.10969379062
Male,72.3168251228452,197.36858924933497
Male,71.81542044953079,201.620666747742
Male,65.2370495188386,181.011973240364
Male,70.6405300907292,182.12248597866002
Male,64.731925597255,177.549263423371
Male,67.1035511824075,164.974580682475
Male,65.1174848880457,165.717112190107
Male,71.7012340230177,193.09416354306302
Male,66.8328782059274,180.683886970857
Male,66.4712752615182,172.773722928412
Male,69.41152622060389,177.470616229738
Male,70.0521774745245,200.81873731325402
Male,66.7436046519631,167.73977534430202
Male,66.2743291154144,154.395624779233
Male,68.328447992915,177.984728603887
Male,70.0758881952341,183.93885695678
Male,68.73298814873439,179.2047820686
Male,67.55605126187601,158.567987385418
Male,66.2536325347937,166.50353164294202
Male,69.1822026805756,171.98367761195598
Male,67.6091049416397,174.36418237859
Male,69.2927380218867,187.745351863374
Male,68.1906840077038,201.48796238061
Male,71.6070857988906,204.92701213680303
Male,69.1968575103315,178.685546470181
Male,67.2619609790619,164.014427741951
Male,73.6851933999998,223.27000441237098
Male,69.5372150072948,202.95830626983502
Male,68.3115598414683,189.391785609949
Male,67.7389634664393,178.170555578466
Male,71.70576260110009,223.299335239803
Male,63.63226460378671,167.028706658323
Male,68.7211984556865,180.46868201187002
Male,66.9493416501869,164.439145622362
Male,62.7069897353164,149.96961842104201
Male,72.2584089235993,192.910266551722
Male,70.90865306266758,201.883998700574
Male,67.609843601682,179.868025984495
Male,70.8015589556942,196.467724673936
Male,69.3047690450735,187.551649491386
Male,66.2428983411553,171.69315968571001
Male,67.4921929772739,191.69960478432802
Male,65.8062482913584,165.850647784905
Male,71.4437056615428,185.662741323862
Male,68.4644058223141,178.281800729884
Male,63.98792460498,150.97905125013398
Male,71.00189768584559,209.92932343050398
Male,68.1397241925525,174.157804341493
Male,68.395400248121,179.87897710233398
Male,68.0962197450165,167.747141247633
Male,68.14059035592089,183.044660372103
Male,68.8600903087433,169.556820782151
Male,66.1488525422307,173.431672660432
Male,66.2060320529589,180.88955460941798
Male,67.4321202146878,183.508932854723
Male,69.47110603124699,205.977910165675
Male,70.5158596943462,183.759845192649
Male,71.3383760399558,201.95449546666802
Male,71.00194476735379,216.120094736912
Male,66.202347706273,159.390323744187
Male,72.5433070453887,210.336424661861
Male,67.4793517580411,178.618350159953
Male,65.3504105558103,146.739797635802
Male,70.8440624208882,195.937014974314
Male,69.9384752593112,170.175853813004
Male,64.7398154829922,169.65405412118798
Male,69.3084028803936,198.378693643572
Male,68.8384628598724,179.907716915983
Male,61.9373232676829,147.263686501559
Male,68.5933355351181,176.984251121287
Male,65.2185755780772,185.467788373205
Male,64.3336481069845,177.49380233889
Male,68.7489067017398,169.82747741962498
Male,72.4896554004081,198.581698249799
Male,67.2339309182551,203.350339274846
Male,67.263604843261,193.217672687431
Male,65.11850428317351,178.134945178843
Male,66.2628200381632,162.77958340469
Male,67.70167965962729,159.286510598869
Male,65.530695966695,172.114311951227
Male,69.8689698092041,201.837042594883
Male,68.481875364733,170.352329550626
Male,72.2139633457195,205.38976070863097
Male,68.1795326940723,169.787768075943
Male,71.9812065428705,200.437310528735
Male,66.0651367327304,178.58895403720402
Male,66.6561641698185,168.014029738329
Male,67.5994241952902,177.76642583994598
Male,68.245944093831,193.27762399954202
Male,64.808621440717,162.379540639612
Male,67.4922182698406,183.383824391458
Male,68.18073070686539,181.056095285359
Male,69.553384902902,210.871798957101
Male,66.4022496683603,165.568499073011
Male,66.5921571146877,196.14844984622897
Male,71.93588658284821,202.04642515191898
Male,68.2870417278818,170.413602496365
Male,69.95545119516379,201.948085296608
Male,71.8511291454027,193.386984552842
Male,65.75549864067371,179.855689615225
Male,67.03185207898281,156.489934998191
Male,76.7098348578592,235.03541882002202
Male,72.57112137129579,230.560534959742
Male,69.72880489736711,203.895654986365
Male,72.799224004586,218.21639663901402
Male,72.5393540719418,222.667177921523
Male,72.2947433844169,208.474865890573
Male,67.2533248158638,180.779780013772
Male,75.9444603760016,231.92474850911
Male,66.3162319187446,170.59385810445698
Male,71.15605349004359,188.27145628834703
Male,71.1922022869477,196.061529163376
Male,72.1975120071642,214.603584170431
Male,75.1408214339315,224.12427132956
Male,64.4115293597211,158.57939732338698
Male,64.7344243580774,166.501114745286
Male,63.4145871379546,160.140615622405
Male,67.8486652335686,176.17263425458302
Male,65.9317848288,174.48529466645098
Male,70.96655043634259,193.906498798923
Male,67.5807472772935,186.991606706801
Male,68.589270437901,173.595796099507
Male,70.3247534441504,193.34656030399103
Male,72.3944804051075,208.436509038226
Male,70.82085671452559,206.032977800797
Male,65.9033012610258,172.57523095707
Male,74.7953750218274,232.63540284736
Male,67.6809190342573,177.24014549543998
Male,67.1559627687305,175.646690214202
Male,71.7748412248401,212.626102288605
Male,64.66523194496641,166.969204009677
Male,68.1227683623759,196.41441527512401
Male,66.786927239528,165.431242225646
Male,66.805849836748,176.56581855768903
Male,67.8860137980274,174.65203471581
Male,69.1735769192432,195.237529301091
Male,70.2249233263794,205.684438396274
Male,64.8557991775539,158.34144236048002
Male,67.8210932715426,169.08100827388398
Male,63.44024746708649,135.655875865835
Male,71.8484348479039,218.15746945070597
Male,66.72807364708629,155.899541329016
Male,71.9683056520603,201.528177430467
Male,76.0213474760963,235.926060648678
Male,71.4761012826014,195.392617577504
Male,67.3698086448686,176.636163567362
Male,70.55524375954991,198.460248600108
Male,69.8671012814472,185.716910023673
Male,67.94757004216251,177.347779818472
Male,74.104558863713,215.759703523821
Male,69.167836299535,187.02242030157
Male,66.557228572704,171.587884316854
Male,66.7016049901078,172.839809078093
Male,67.2460649543824,168.280286893893
Male,69.0513854849974,163.82048892775
Male,70.6727471767308,190.023434180521
Male,65.4989951214088,156.869951668729
Male,65.18722085356221,172.606482559614
Male,67.56814300608261,169.063982994918
Male,73.8153856882339,231.374508117238
Male,71.606564208448,207.25047675169102
Male,67.724749235945,172.152772178008
Male,68.231131952185,199.82775802283402
Male,65.9294217100738,168.09041221580298
Male,71.5484957096636,197.819614833288
Male,69.1643811220365,196.892315040706
Male,68.5976593239588,180.221780102342
Male,71.0575108857852,189.13401243593398
Male,63.6440595814991,158.422717319974
Male,71.18245539563691,208.922682655891
Male,66.1286731698491,187.141119453372
Male,65.0573731150978,157.582431535246
Male,68.0913743588464,181.644444983884
Male,70.993143899047,204.74667817475398
Male,74.2211748776249,231.13018975930802
Male,69.3271181795885,186.258429614423
Male,64.93134219408421,181.09386963888
Male,68.3468423145436,198.92097966780102
Male,70.9291250844694,203.370463215939
Male,61.47780920159389,161.02875214187202
Male,68.4908127185185,189.806681842181
Male,72.04988987081859,200.20282850660197
Male,72.52166702577671,221.862650308484
Male,71.233911393331,214.060148220865
Male,72.2591151862599,201.70142161741
Male,67.56503990456511,187.187093632233
Male,72.26760699498,196.52746689585499
Male,62.6002479975529,151.720703729313
Male,66.2364372917754,167.297530251137
Male,69.65043741236879,198.84369596462298
Male,69.28592140617211,178.789547981921
Male,70.72527873735051,193.539252115985
Male,68.8286149599904,197.737905022318
Male,66.0144282335004,184.46181152098202
Male,66.4148820603895,155.19477168692498
Male,66.6156243917126,160.991989871194
Male,68.0348217821036,189.084461735075
Male,70.50239804409459,172.985777146208
Male,69.15772949308679,195.895256857188
Male,70.7950226136223,215.74645530523
Male,65.1943771233415,166.707373059357
Male,74.7857143190925,239.464342902696
Male,71.0669062761598,184.27924583305
Male,69.334197785954,199.983890906512
Male,69.8992039506227,191.412231132701
Male,64.4251937917821,169.109401417791
Male,67.85213069861,194.74452249403802
Male,67.549069488044,183.26653311789298
Male,74.7674468449337,210.369908709756
Male,71.41894598636479,198.042483889936
Male,67.1203443862066,172.664090375104
Male,69.8595879120267,197.070856157865
Male,68.43081339141051,190.505810039573
Male,67.9334826070233,184.555483105293
Male,68.4953431552723,179.929816647941
Male,65.24414341065389,159.50321976538999
Male,70.18535204699,197.884507071155
Male,71.10413316453071,217.269605198307
Male,68.4475785430627,187.907425986628
Male,65.4205768240508,176.861684237851
Male,67.7007881137183,185.148202101777
Male,74.2230630621199,223.308040304474
Male,71.1672458708534,206.942981776074
Male,67.2307718899502,171.016940600979
Male,67.880559193661,175.222847965396
Male,67.3763754684836,173.310395551927
Male,68.7612469290256,181.12597350196302
Male,71.7052725009646,202.609008338003
Male,69.3809947926619,199.85092004880298
Male,73.7165276342286,223.51472234429198
Male,69.4533762078207,219.261706666844
Male,70.7862898094215,211.216080923481
Male,71.76846373690121,200.798982967421
Male,69.34345395861651,208.80977533756302
Male,65.2860255086334,161.42008165850902
Male,70.9218444138077,207.835944561795
Male,68.5966626863791,180.83123775549703
Male,68.6037964328568,176.81547620973203
Male,69.4787441197736,194.603768502719
Male,65.93089621499661,163.008431653289
Male,68.5233452979566,173.270657154824
Male,73.92912412622151,215.620035427178
Male,71.1979378222303,210.13452904203098
Male,66.5565868729681,185.04232408499297
Male,71.7422762291745,187.965355359453
Male,69.74482933165379,188.181124848229
Male,66.7506541256505,179.54201714319802
Male,69.69242225715129,211.71842896173
Male,70.40351683084141,197.692142083456
Male,69.0197361098685,186.287991990979
Male,64.732287155256,166.10607243739
Male,70.9980744408969,188.811769976897
Male,64.4598142530512,161.378773212037
Male,69.749522583002,193.47625883123501
Male,71.5268488121848,189.282246099829
Male,68.327915863972,207.78492464500098
Male,70.7647201641119,199.323094259304
Male,71.41904963415159,209.858256604748
Male,69.3904740948909,180.175472763871
Male,72.001732217799,196.21441448138302
Male,69.19147497333529,189.438840351539
Male,66.1663632831791,165.51460743314698
Male,67.272142995153,182.39433469242002
Male,70.9158354035361,189.55763746008597
Male,69.1198877896665,189.625914076302
Male,67.409025871346,170.19132542921102
Male,72.93864904020799,216.097454719831
Male,70.49092869599579,177.06777435077302
Male,69.0082594618674,196.051188755039
Male,66.7621099176273,167.700496231312
Male,69.1206637294553,179.607870051102
Male,73.1262671878997,220.66140509375302
Male,67.48682389541739,164.295241252612
Male,64.95507833495,156.54478634954
Male,67.7824890749697,183.681029038066
Male,67.662398796047,170.305493490476
Male,66.47639700646829,168.627263912841
Male,72.98707020104341,209.637974489395
Male,69.5632322771984,195.34602697044
Male,71.0035601394697,194.322601360166
Male,69.9156373621056,219.36791674718899
Male,71.697141788046,205.161748286445
Male,67.6499408575301,178.882633665742
Male,68.2955545645253,181.724931465833
Male,68.687255673712,203.560333836071
Male,68.9157716453463,165.155898683434
Male,68.9608796727544,197.931429550253
Male,67.2472352041876,173.284033013291
Male,68.915863641061,183.947788899966
Male,65.8385445036175,139.5340469401
Male,64.67107554783671,160.188531344114
Male,66.2958977236134,163.60400219191
Male,67.0975857472015,193.955107443761
Male,66.998289732799,189.89334249440103
Male,70.9619709026438,184.223932043739
Male,68.4208722048485,190.795542169576
Male,67.6525275866462,188.200679380904
Male,75.6201931582543,226.207779869446
Male,70.549242022249,197.87937310486802
Male,68.8908389093416,190.51348690363997
Male,68.28453191951169,176.24658343627
Male,64.9950782592052,177.727094498411
Male,65.5757715426728,173.691592194197
Male,69.30608824027121,210.463687540605
Male,65.7047154221532,170.10056331817302
Male,67.8039910102957,173.459891805983
Male,69.2161473119131,184.936690322645
Male,68.015006008896,194.286945947274
Male,61.9269489433641,149.149684837724
Male,67.2663627155588,192.47076956060002
Male,67.6768218539142,179.750807982436
Male,69.9709036159667,202.863293032098
Male,65.3134615369232,163.357331518913
Male,71.90600544057071,217.027714643657
Male,66.23390404218429,183.16123245569
Male,65.814942824229,166.583610507509
Male,72.8449478550183,205.25088915111698
Male,70.94944345261291,189.703088823966
Male,71.3438076277468,218.58633639737
Male,71.05566415795059,203.13943302556703
Male,61.92554729477779,139.905070315411
Male,68.7624575579021,196.293805874861
Male,67.5839414255894,179.937011167166
Male,67.3616946688862,164.14592239739798
Male,65.8791565562673,168.174864370716
Male,68.6947621511413,189.74254190360298
Male,69.5348615536043,195.17039149894
Male,66.63469082828651,190.467958779164
Male,69.8099015736912,204.426598301005
Male,68.6798736853237,196.151622823601
Male,71.615178750348,209.67077387919701
Male,69.6897953335489,190.933400489868
Male,70.90108636532479,197.944832362141
Male,68.005813992332,186.78033784958
Male,70.6157439783607,188.663832117765
Male,71.5711941575576,176.376642766115
Male,73.0128632629827,209.32948336942798
Male,60.748117867457,136.167865724177
Male,69.082119625473,190.93518250098498
Male,69.3387376279613,191.44565428096402
Male,67.75713771156529,184.938229910773
Male,76.02708186305121,232.313470969478
Male,72.2276161601432,201.778853950381
Male,68.9210413450252,188.32880706151798
Male,65.334927680754,174.655697250193
Male,65.932403451767,183.94333875516602
Male,70.4666893102283,187.5174420175
Male,73.181043621139,213.84745287223703
Male,68.550879686478,175.21951879565498
Male,68.5294082502857,169.544805445436
Male,63.596455420454504,144.591922421247
Male,67.14424122779529,175.679190176701
Male,70.8163706158515,197.19840156107497
Male,73.530284807779,222.92591669925702
Male,66.1410689194018,165.404545337709
Male,67.9068497483934,170.417231213329
Male,71.4333758216347,216.633999687682
Male,67.11267979802619,173.707504236685
Male,73.2839179655908,217.89603974232799
Male,63.672583154093296,161.01314583889402
Male,69.2253203013539,193.75632579886903
Male,69.6701240248717,177.119160725399
Male,70.4854481656936,204.827449737938
Male,69.0046778666841,176.731892478922
Male,68.4578940081104,192.76188565503602
Male,66.024733782518,166.96102047344
Male,69.3181691252784,186.737995548307
Male,69.0777405646964,188.50617871068403
Male,73.56227036679041,208.36149181285302
Male,66.0876888866475,161.495814307993
Male,73.5259843332352,214.966459199799
Male,69.6790602156639,205.13343549866502
Male,66.6767811169297,183.197306840047
Male,72.96166546771171,208.895044285857
Male,68.246872144459,207.925576545187
Male,71.9566258887157,210.663827812062
Male,71.0586333491432,204.27283774540902
Male,66.9769499482511,195.198730107264
Male,68.47800207572601,190.686022530134
Male,71.2844413912849,199.635326578537
Male,64.980456290984,166.821547345859
Male,66.7618838734058,178.797508975099
Male,68.76616172387929,185.772157505947
Male,68.9925435671764,193.754990936111
Male,71.295194595564,228.80051609414798
Male,69.0494784004474,192.349701712414
Male,66.54148201629441,175.98349113756902
Male,68.51552344512079,176.141239163871
Male,67.4597153131659,177.482524908403
Male,71.35738241268241,201.760776882651
Male,68.5904060416654,176.843079926229
Male,69.736086706944,185.524260351598
Male,69.8338570670345,188.041029020603
Male,72.41058576373909,189.384438292527
Male,65.43459686786589,166.09674402051598
Male,66.26765677024339,170.250178653613
Male,69.9743008732506,212.80425895999
Male,71.20919422372741,196.14550620845
Male,69.9374001925209,202.27906967929698
Male,71.3860221929526,201.332006891009
Male,64.5887816699057,158.454094446398
Male,68.7929844158731,174.489486264089
Male,68.4457467280668,183.783382685316
Male,69.2015781220676,188.103506112668
Male,69.4260173088723,176.193429823813
Male,69.6062252013619,194.20071187585603
Male,72.8817069731098,194.19950887141601
Male,62.1783312217775,145.898842373806
Male,68.8747066201055,191.833709173715
Male,71.08008355859091,209.85355364072498
Male,72.1825341217157,201.261464391648
Male,72.0627549780187,208.78185338747502
Male,67.3800578933842,182.67340538772498
Male,67.9346345330211,166.435068826956
Male,70.80193025930821,193.39354261448298
Male,65.54912127189921,178.448179734226
Male,70.1912244814707,205.941790671464
Male,71.77899536827029,199.209842441218
Male,68.1302884151545,192.02956657156201
Male,68.3594825628257,175.260864429376
Male,66.090357013204,170.006445104546
Male,71.5801231387686,205.34759620611499
Male,73.5366677229231,196.04329507171798
Male,71.11553184133041,208.145256645714
Male,70.79430254581341,202.890757825725
Male,71.7290604846774,188.595023951021
Male,63.1965303693731,162.429727448715
Male,68.1011134090994,182.852399097347
Male,65.8560997291531,157.317461364304
Male,68.34645650137921,178.675992067492
Male,69.5602289299611,187.217485931716
Male,68.7283040728389,171.620966570458
Male,70.1582776521047,200.53417830420102
Male,68.9233366538642,193.927360410157
Male,64.3001741979872,155.489728964615
Male,70.45563305579608,192.52790495948898
Male,68.62406319025129,159.862467400555
Male,69.6647517445683,176.25927439784002
Male,69.0588845404837,171.708926273601
Male,67.2269862252501,181.70961893224202
Male,66.115799694985,171.386659244003
Male,68.617387345682,179.132024597883
Male,69.2490128135195,187.469371391246
Male,69.6419061835922,182.004522302487
Male,72.79702835706571,214.474035549004
Male,75.0439950721537,208.526426975474
Male,70.9726841308934,190.221992860972
Male,74.3880124251986,217.14379049327
Male,64.3621638717144,156.07389851517598
Male,71.3270010663305,206.38519114476398
Male,67.172024442062,178.152781433495
Male,74.40167188530991,228.83839580111498
Male,63.8679209595893,174.473362892894
Male,68.885991766866,164.21490258191002
Male,72.13199022439208,212.15727570006598
Male,68.403726169279,206.01493980813203
Male,65.0926563918755,167.43353298450398
Male,69.229679115924,195.21863969609402
Male,71.9477882649162,209.17548908804798
Male,67.4629906554446,182.301285584692
Male,69.3129086423205,190.18514691198
Male,63.731048167698496,160.344903874399
Male,60.679817402820206,129.301023766729
Male,70.6633230772118,195.626319057537
Male,67.59403112561499,186.751416941505
Male,74.64950788331491,227.500645068307
Male,70.46707885403609,197.187532031265
Male,71.94401051927609,209.55628271930001
Male,74.0257508102552,209.75927206677
Male,70.78222816222299,220.436786379453
Male,64.7272569610009,169.207936994027
Male,68.38302408018379,185.845616779891
Male,71.4692208023458,192.69149311690498
Male,66.9444537375838,177.026087781898
Male,70.79697900421641,199.947383058908
Male,65.2924347799135,168.710290250236
Male,61.754009828970496,123.528143020198
Male,62.4806713089603,160.242238208749
Male,67.80567987017879,197.08261104219898
Male,69.52599427976871,161.970937553318
Male,72.5007566339455,201.655055938162
Male,70.48529474444409,194.78619832505402
Male,66.689735993223,162.565406733935
Male,71.29191758372,175.81096771313202
Male,71.7967671979694,209.379310185811
Male,73.05634425050259,204.4603316173
Male,68.8533543682849,210.869084178877
Male,66.045443857521,169.326284191826
Male,73.98590141557399,223.32610495041402
Male,69.2516178781137,192.94689107892398
Male,69.3406572151521,172.904801447625
Male,70.976264966752,191.57215355551102
Male,63.5612776251623,157.11954445945298
Male,69.7701509519637,182.795494321816
Male,65.1884775622368,151.88694224969498
Male,69.978940819921,193.341082818018
Male,69.7505971518031,185.42797013905601
Male,71.1714311524347,195.38231076051
Male,70.57200178294529,174.19688730137798
Male,65.6510895191431,164.649813939991
Male,67.138414139275,163.845001328561
Male,65.91808694181229,174.719958105635
Male,73.7866364434803,212.900555995405
Male,67.7372513405283,172.79426061110297
Male,65.5440762535086,171.980331261146
Male,71.2139125656884,195.923416498401
Male,65.5923540298347,174.81534851306
Male,65.6675544806922,174.56685584168702
Male,61.9727358785594,140.27774966203302
Male,73.8999386863723,215.559703251912
Male,72.34218364197041,215.858233901414
Male,70.3116943408726,184.243860348496
Male,67.1155643547224,168.202167127644
Male,65.9324817643713,151.384618198034
Male,67.2277450207952,185.970160851636
Male,70.11434362938981,203.241731802719
Male,74.84149971971159,223.94567027795298
Male,64.5273026254953,148.47218585349398
Male,70.0512546906491,207.19464729460498
Male,71.8331687752888,205.193061760797
Male,72.8367396943866,209.42248427519797
Male,73.301865746729,199.166928678883
Male,66.39319244743,165.064609545545
Male,66.51516196021849,180.76053482318198
Male,69.2728126084372,202.298760151666
Male,68.2319539277068,195.261990296064
Male,70.41386903426121,184.232661744937
Male,69.7268852052361,188.45375967120202
Male,65.510733890584,157.205025302195
Male,69.1372693569977,196.5523243152
Male,73.6661887960567,208.36617932856498
Male,65.8927525257603,158.184985696975
Male,68.35442895833839,184.598427955692
Male,70.424730529607,197.90752114977002
Male,72.0802011466065,202.867236668923
Male,71.711124785333,199.080778987396
Male,65.7291618715397,156.22395846588802
Male,63.89833819918471,168.299537977425
Male,70.3160097119508,201.510688097382
Male,65.788729792806,174.584879939493
Male,69.8274641852115,196.93079202856202
Male,68.3311500917703,197.756770319413
Male,67.7415892669206,165.64328330518
Male,75.0338894406835,232.88611705199298
Male,73.4040585211468,192.73240467696098
Male,69.55476187936,192.18166873712602
Male,64.5390397840475,157.129277198286
Male,67.5467614711226,163.495202566767
Male,73.09647798489141,205.157577990748
Male,66.5539810727358,171.428591885687
Male,73.99160418885721,208.96458356134602
Male,70.86268805923609,209.75911403240897
Male,71.56873369665651,206.260457759816
Male,65.8383911344328,177.21169659809502
Male,70.2755336626221,211.71625381090598
Male,61.773521995356,149.514839170261
Male,74.8249453074994,220.33636688669498
Male,71.6051458474554,192.42791361335702
Male,67.260103577221,163.386512746963
Male,70.92419443253509,199.77837263988098
Male,75.0596686483632,218.583687985
Male,73.1008762422727,223.206451566012
Male,70.6619920308473,217.951882605948
Male,67.14466734943979,171.207778898624
Male,67.1231534297474,147.537956155257
Male,69.5249439626314,170.03718625117
Male,65.2246916634494,160.836074452623
Male,68.41046282057161,185.127735469558
Male,68.763463696161,177.08338817507598
Male,67.9368688125212,188.88409681879398
Male,69.2378286911685,159.244886180877
Male,68.46572391809,188.079276046176
Male,65.6942935969472,150.960619570537
Male,69.4309980463662,172.325881178479
Male,66.1353914165956,166.363818692456
Male,70.8770481302174,186.339824370789
Male,65.9730649994945,187.658379142995
Male,64.9391154197026,163.880198525282
Male,68.368603321184,196.949506368912
Male,69.52555130632611,189.707398780834
Male,66.4556021398344,188.974847308905
Male,69.474581761728,177.343917682018
Male,68.730098703226,184.130431971036
Male,73.7812744801257,221.240095762718
Male,76.50188334064,217.882346394923
Male,71.2257019248704,199.182762952512
Male,64.5062104482427,164.500366620687
Male,66.5038149399263,163.269889315846
Male,69.2104130403531,187.62482033910197
Male,63.5463697191554,150.34665845666902
Male,69.7311284328782,202.707102372802
Male,68.6082084641792,181.724836528158
Male,71.464130247868,206.590856693051
Male,69.50948800145571,203.985415487617
Male,73.7596357420018,231.608670942233
Male,68.2777867627378,195.189930156404
Male,72.4546334226458,200.290004474109
Male,70.7691932703988,195.353057497215
Male,70.45214074493421,188.09883730036202
Male,68.90409885338521,194.659769774523
Male,69.2384271868614,197.41209135517897
Male,67.2778472839007,156.416342192304
Male,71.46376469158179,207.76853497494702
Male,68.8406335127133,171.92114993342702
Male,71.4059647136753,216.923291191821
Male,70.144874073255,190.585376753341
Male,70.6796910335925,206.119839185486
Male,68.5411160545877,201.108892294769
Male,71.4347269121165,206.594058750348
Male,65.2208204814207,158.987186084825
Male,70.77315141834241,208.22356613991698
Male,69.760094789524,187.81206186627702
Male,63.962530684639596,168.349456798515
Male,70.3041632689917,196.835051662201
Male,70.3168492217264,205.521885795243
Male,67.4054078779366,164.574391291788
Male,67.121503053709,167.191527196189
Male,68.3775798868721,168.997323920848
Male,69.5782389725199,184.21981815456402
Male,62.5322532839863,168.15332621989
Male,69.33682152588679,184.11941528720797
Male,66.78746727875141,172.175466312667
Male,75.3912922303323,218.604697288874
Male,70.2136290842041,189.658273775163
Male,71.1035636159129,196.759936203758
Male,69.7938878917517,181.72319318093102
Male,66.47184446040629,175.38915176083302
Male,70.7137140881225,208.710438585204
Male,63.618717286077995,162.674975183263
Male,70.54927971743629,191.31881083446999
Male,67.4028210941089,192.67267582411702
Male,71.4351749033072,213.33777330876202
Male,68.59340513597749,187.402530930982
Male,71.45232653527991,203.44827300463902
Male,70.6987899471723,189.985478828833
Male,71.3914644848076,197.307058582909
Male,70.4856431655714,193.359946993498
Male,74.40818785565429,226.701022932309
Male,63.4004232290441,185.188138040552
Male,68.3997191187644,171.329108454027
Male,67.4298541805405,175.124366331655
Male,70.81199996512409,196.221113490145
Male,67.1102710065681,194.75235369809897
Male,67.7282199001928,184.468450401731
Male,68.55083218531671,179.556789891852
Male,68.61948497258099,192.605638565238
Male,70.605761010108,197.341247176261
Male,67.0867812193882,164.175700818982
Male,65.31170818510179,167.327702757749
Male,69.9241467518784,185.86658428863998
Male,68.364634884563,193.981747611358
Male,70.869804923435,205.863934518421
Male,76.0123000122601,235.437966081368
Male,67.9659678054035,176.966727879219
Male,69.7650874422372,199.02642762377
Male,69.5686723852038,200.704051660034
Male,71.5600187424886,213.978596580713
Male,70.9580492704939,201.663337321292
Male,65.4409223111664,144.13202685087998
Male,70.9761245175843,202.60318803047699
Male,67.9928512420125,183.95808915338299
Male,70.51851509062459,199.568441028307
Male,69.10919143828339,176.045407011543
Male,71.6055730996525,194.932568526505
Male,69.88955858175771,203.518326493008
Male,66.4568987750028,166.684648751465
Male,70.2913541843552,207.50854261160302
Male,62.619965202441904,152.852974718754
Male,66.621681831888,146.230804742359
Male,65.3502881767895,156.761337138797
Male,71.60673988891959,209.964943185152
Male,69.4129144287566,183.902110439132
Male,69.8938135929651,200.796854476097
Male,65.665958564131,164.21563918356
Male,64.40827325121451,154.641041608773
Male,68.62688583476,189.44924046641998
Male,69.60028264426751,176.594888560523
Male,67.4532312427657,173.272217789955
Male,68.1699945979806,185.25310988204498
Male,69.55361403610401,203.811090942794
Male,65.7472979878932,182.05169032973401
Male,73.1223931509758,201.70377801922797
Male,66.6209260032382,177.84265534221802
Male,69.1459089866395,202.628196093564
Male,65.965795047667,186.225430725101
Male,67.20326641632711,185.454007229585
Male,65.4539571708589,175.84448504479
Male,73.0300920269224,209.587800507552
Male,68.31724490230219,179.37085601766498
Male,66.3342814592302,165.368276469302
Male,72.3619834817878,198.26297032705799
Male,67.7174274900004,184.931804199742
Male,70.47759130174741,200.24799619106702
Male,71.16299164735871,199.443988986417
Male,69.3547795615889,202.33221573118698
Male,70.09723764503839,201.99372802358502
Male,69.2972916961487,197.358760710745
Male,63.3099692849417,157.003543665807
Male,67.88722988909471,183.34332724235298
Male,73.20296990103591,203.02311606397097
Male,73.1411550985637,193.92603419248698
Male,70.8959825454072,195.601365349029
Male,72.1426926653778,214.85392527152598
Male,72.13277786749559,184.14718883444698
Male,71.20661874309059,193.74325998111698
Male,66.25215051141771,170.109499628414
Male,72.34158877426951,205.699621116357
Male,68.068922111764,166.263500115293
Male,71.39730891373671,198.40673380672501
Male,65.7260320477284,169.675260295768
Male,67.1104474203962,160.05028525124598
Male,72.2150349075593,204.937760149992
Male,63.00978308483211,147.901820043978
Male,69.5691552119986,180.94982336014198
Male,70.40400167970779,217.83724476211498
Male,68.0302155969993,189.361639792627
Male,69.7779103180642,176.090289339977
Male,62.0786351862267,130.277274850818
Male,65.8344196799245,159.319115073327
Male,70.78093603917591,191.96817787473
Male,69.5714302095419,182.154139159232
Male,67.3270648124962,188.35172566903
Male,67.81460188310679,191.760001792547
Male,66.68224276697501,162.766968330461
Male,69.63970874905691,197.59621307100497
Male,64.77423740371529,182.589844094188
Male,73.9629410745522,200.00716085171902
Male,67.9333838365102,184.40952000242902
Male,66.7700394702836,165.489768001822
Male,68.936357575679,176.65217922591302
Male,76.4345587137262,228.872990637662
Male,68.996145368249,180.350924390491
Male,73.5018396237801,225.972218321773
Male,69.6031034024769,189.81664490028302
Male,72.067379985717,202.26207413867297
Male,70.4892245364657,178.918714208691
Male,67.0348505611985,167.044233115506
Male,66.184108496297,172.637611536679
Male,68.6942095017358,179.962508790081
Male,66.6532337437077,160.147436127873
Male,69.83865707827479,178.39248255820598
Male,66.24506480705149,154.588689585938
Male,72.8110316092765,208.848846495439
Male,64.4747469568808,169.430634272192
Male,69.75447932525489,181.641048884472
Male,70.6614443891591,203.84479157643798
Male,72.4706184938672,184.44632530349702
Male,68.1715328455939,199.70181147917
Male,72.9871714255633,206.62939921236
Male,70.5335647702984,196.584345936451
Male,70.0469530715995,190.00240519125902
Male,69.0160671628343,196.76390754959
Male,73.5491622682398,222.297492120609
Male,68.11809782749799,180.0656094066
Male,68.2876370331869,178.43259773654702
Male,71.527047694968,202.748739711506
Male,73.39654292828979,220.94576074364602
Male,69.8445640844681,198.630278194117
Male,70.15196587966999,203.734480758039
Male,66.2997258732792,150.14936127711098
Male,76.4929339594115,227.13929597448399
Male,71.0323851971723,186.76248751198503
Male,66.6310409367559,170.421149332108
Male,66.0755368151504,182.428002531571
Male,70.6131624145417,187.472023542885
Male,65.2034806844673,158.664555216949
Male,66.8618612870774,175.797275435425
Male,73.75799829867759,220.770232006582
Male,69.8980860723227,195.758935463703
Male,69.5273197188296,189.02736785075902
Male,66.74447747003761,154.12685042932802
Male,69.0744920316712,179.38681672232
Male,68.5617507293083,172.19536368774502
Male,70.3225500128014,190.461776758205
Male,71.94912042114458,208.088946513166
Male,70.91655179249841,191.883267018275
Male,70.37112335334001,197.38241566125802
Male,67.796477151995,189.683151319762
Male,68.69999562997721,208.068199264981
Male,69.1146317960513,188.717272552453
Male,67.69710364558449,187.42389642109
Male,71.28033023092391,217.903599366613
Male,71.4275751935442,201.842808664398
Male,71.04335632080459,204.627727659118
Male,64.72625593979821,143.34756549820298
Male,67.14815943713039,182.03124803657002
Male,72.29169702561,202.10437163416302
Male,70.2428661701033,192.796112562644
Male,64.457857849175,158.916699285487
Male,74.46498854435579,213.48210257052799
Male,65.2989151495077,162.818275468988
Male,72.7495261139615,212.180718812816
Male,65.7181787540213,155.175542786984
Male,68.8900949391591,194.681434643233
Male,73.0384086139,209.47538808362702
Male,69.86074638417,198.321828121241
Male,69.8611969523225,179.66249646181402
Male,71.7655616628825,192.69038315150502
Male,66.8208458858784,179.801568231632
Male,67.7876938262705,190.50679564630403
Male,69.2507138496364,196.14114448220298
Male,68.92967210836589,180.826457432256
Male,68.9971098556648,186.63531299665001
Male,66.3739949336111,167.784391028618
Male,66.3765193269966,179.468886431732
Male,69.05456975656979,181.360351242341
Male,65.6674754047304,161.422210929555
Male,62.7528775216661,149.7597060165
Male,66.57798670588299,161.201890594841
Male,67.2721706595338,187.36336584820702
Male,69.836551651926,176.01167326775501
Male,74.216430944514,238.569450876454
Male,71.2305285617873,209.032876811002
Male,70.76286512658179,194.796567253093
Male,67.8789538779499,163.724432624055
Male,67.1145266908252,182.51245112085098
Male,66.5398122216795,175.093254689416
Male,67.0912186560557,180.88072460676898
Male,68.8934176530557,172.654237864262
Male,71.88269674201959,207.57561358173
Male,70.5318761057351,194.009472984818
Male,69.2081081950178,187.867102546193
Male,66.8547377457483,161.22396480412502
Male,77.1608008945486,228.707300850029
Male,68.1985373165711,176.456828376649
Male,66.7957930920407,186.993898606724
Male,74.0702062076238,218.423584474029
Male,69.6917430451575,184.61895290883203
Male,70.48275741063729,199.35922399990798
Male,66.2029636090014,164.63446367018
Male,71.85788790723079,193.429989763484
Male,65.975207182975,171.076831440131
Male,72.67696109013059,217.561415368678
Male,69.8120217064516,188.06498393856398
Male,69.04314598092961,178.184817464393
Male,63.8506783939551,151.996661485131
Male,64.9097852365578,145.176135872661
Male,65.045444008848,147.66026013933
Male,68.8743961941656,183.438539153398
Male,69.98221949924171,178.348439117701
Male,62.709303709749,152.820468105226
Male,66.9234367580027,173.634257094193
Male,67.2690439717089,180.035672697479
Male,72.12252553138791,200.336805594253
Male,69.61140325501229,170.296196746773
Male,65.18470087045,166.73855470482
Male,74.0802749473551,194.77885433080502
Male,61.121828632923005,152.79113008658
Male,68.321452866911,206.426146941539
Male,63.9529283994475,164.77147535216
Male,68.5813735185472,181.167060950369
Male,64.9259089634653,185.00185417842
Male,69.65975352420071,209.520424599613
Male,71.1207533229965,197.345436026506
Male,62.8041907055702,148.605042361239
Male,70.8112617091695,201.224277133599
Male,69.5495105694549,199.19381475467603
Male,67.0323461956309,188.45968913154599
Male,67.396834254227,178.30019663495898
Male,69.3718433314283,173.430169608834
Male,74.54513694044721,218.43756790813802
Male,66.55652498520911,173.386830210271
Male,67.2599528243859,186.32079719353402
Male,66.00196772509149,165.16772278165502
Male,67.2835074243167,203.135759560563
Male,67.924633636526,161.67082784424298
Male,66.05763380702871,164.470503879209
Male,65.8445804640368,170.792356904563
Male,69.031062851652,170.31012218615498
Male,70.3271164111783,192.497160869606
Male,66.5343065072948,166.37125799811
Male,71.4716748983661,196.540959991148
Male,70.0469307663445,183.61962077786202
Male,68.6057105628212,187.291391863172
Male,68.9823807296095,178.282409486653
Male,73.78888490428109,222.39756052383498
Male,69.0728108169759,190.587912957767
Male,73.1879491114706,204.103816962433
Male,68.6773844055852,192.19624608721298
Male,64.9223362561123,179.40909186231
Male,66.1112291402564,192.76558096601102
Male,67.74898985253671,169.74027209019698
Male,71.8139035569294,192.81644167939498
Male,69.1954412203952,185.72919613365002
Male,67.4071716573248,188.5940922367
Male,69.8766334089165,179.680930323501
Male,64.366676724607,162.49508245502702
Male,67.492853857301,183.38378017324501
Male,73.1224332056134,221.445902076745
Male,67.6529454789154,188.88986454232497
Male,68.5379018504103,191.822914272445
Male,70.7247580226813,214.261518198021
Male,68.230150312392,182.382822151331
Male,67.6971234115329,163.939878580161
Male,73.7167427530004,198.462226895361
Male,68.8584572194312,187.39508578102402
Male,66.473765965897,175.94736780434602
Male,69.97228132109049,188.625911160118
Male,67.5561832236562,200.77969103152
Male,74.27201865479559,209.93749280630402
Male,72.09385997981421,201.86265841618498
Male,69.5697796657481,182.79484420997002
Male,71.6140894517358,206.16343250374803
Male,67.1385496121352,171.876966350462
Male,68.4156512567171,171.321216279214
Male,78.0958674715774,255.69083483678799
Male,68.6426275979686,178.81679456140702
Male,70.0268418933568,186.35870219411999
Male,74.3256770078908,220.845727450162
Male,72.2316362418495,202.137160078903
Male,67.6666640962661,193.081646916164
Female,58.9107320370127,102.08832636784
Female,65.2300125077128,141.30582260142
Female,63.369003758413896,131.041402692995
Female,64.4799974256081,128.17151122163202
Female,61.7930961472815,129.781407047572
Female,65.9680189539591,156.802082613991
Female,62.8503786429821,114.96903825096202
Female,65.65215643502539,165.08300121257602
Female,61.890233737854395,111.676199211845
Female,63.677868152058494,104.15155964193501
Female,68.10117223598711,166.575660760601
Female,61.798878529854896,106.233686988457
Female,63.3714589617276,128.11816912367598
Female,58.8958863500041,101.682613361014
Female,58.438249099569205,98.19262092814209
Female,60.809798678611,126.91546327628201
Female,70.1286528332314,151.254270351714
Female,62.2574296463807,115.79739340816
Female,61.735090219700005,107.866872355221
Female,63.059556694704895,145.589929145704
Female,62.2868383725748,139.522707668371
Female,61.827477554872395,122.76616667013501
Female,66.3475372155375,157.380964816028
Female,65.3206320269197,145.03737562100798
Female,66.1038727954936,148.645182574529
Female,64.5271820296461,132.680868243034
Female,56.5479749809036,84.8721236452797
Female,62.7392809291012,138.530421130127
Female,61.585198645852,137.425286781889
Female,62.024424832302294,124.603940620149
Female,65.3113341377437,140.266700393455
Female,61.204956068921796,108.290104228827
Female,67.025093515345,150.219175933031
Female,60.2111665623754,119.037534152405
Female,63.9399727739834,139.49595733599
Female,63.35780515987079,125.613238151682
Female,63.685068445343,132.282977854988
Female,60.288870392479105,130.440809040632
Female,63.407289791972396,128.848389435403
Female,60.6316001185165,109.719696252994
Female,67.3735965886919,146.023295039745
Female,66.87274159729729,158.855194208793
Female,60.047147223403705,114.60352589634701
Female,64.1544722687217,133.138355593842
Female,63.46166489331839,128.950960852672
Female,67.2438679477325,154.06157483733801
Female,66.2135945099311,139.00113361824498
Female,64.6928213839027,138.680813564999
Female,66.1992832819946,180.69831709888
Female,65.853375824511,149.11852839278
Female,65.0495202214884,145.073538581697
Female,64.477615149807,144.638245692437
Female,62.54007731931729,139.478643930727
Female,61.59623161922,129.977149249753
Female,60.9503289147806,117.42258866803499
Female,63.5532238018192,137.492070428581
Female,62.248346350928706,138.382413290926
Female,66.190590843343,141.271956088319
Female,62.5480579760466,123.71285394015699
Female,66.62983432201979,145.59471161558702
Female,59.6085601361981,109.813156032597
Female,64.493394759493,159.45606577619301
Female,64.9365559015708,152.41935200446198
Female,61.3792584854039,141.427450563345
Female,66.07078720855449,147.752330110449
Female,63.914431661526,131.513704638389
Female,69.6198060242191,157.02373384836798
Female,67.1815358769843,156.950847065556
Female,63.3990508337142,143.840429687839
Female,61.213171495592604,98.7074925949256
Female,59.667848800061904,126.355255679648
Female,64.08940646519379,134.21101720969298
Female,60.57806287923929,118.242811799265
Female,62.114866399197,145.337359446736
Female,56.1594580191187,90.81525565522709
Female,67.449272973975,170.830353595279
Female,65.06514462748939,156.163126863795
Female,65.5288561745669,138.989535511843
Female,63.14965274006661,124.193771665091
Female,58.8743006695406,102.92707753871001
Female,66.0212319116557,141.656245159955
Female,61.5250911236378,133.528507704123
Female,63.5843104973355,133.189403796986
Female,59.7867629089699,116.90487147082399
Female,67.1492063558276,139.552814769724
Female,62.323087083779,127.130913031099
Female,65.1476595576194,134.662024671615
Female,70.6285964525231,170.148468502777
Female,67.3874511948522,164.892658411008
Female,68.130408809775,177.24013121086102
Female,63.4884596395885,124.05287175591499
Female,61.1630652757277,107.23544334681999
Female,70.71013952632829,161.363484297774
Female,65.2088548097869,137.703041572099
Female,61.359489328058395,123.42013459736799
Female,62.071715189424296,142.663619361408
Female,65.4048818826678,144.025941163566
Female,61.823368117239504,112.00186173258301
Female,62.94719725219711,123.684238635036
Female,64.36303371970689,133.18392703632298
Female,64.038537483693,147.240564000238
Female,69.7883326870588,167.437658866369
Female,62.8223500167531,126.816039038744
Female,71.9912565421476,177.366001765282
Female,61.9940865436986,134.417291950693
Female,65.80460586670361,139.483209612705
Female,60.030610123321,104.497331810975
Female,64.4988656513921,146.125363035389
Female,62.0496445072297,119.865377360177
Female,64.5679794100138,137.534164326015
Female,60.5043159198482,116.381974250403
Female,61.214449915467206,128.266498910134
Female,65.7806082972014,146.856354296309
Female,60.674278397707006,115.80503515806801
Female,64.7898526139103,124.17252733536199
Female,62.996579314651896,131.004284503501
Female,63.80948265048671,142.421776480813
Female,62.27990010659221,133.255261053524
Female,61.7110319057525,108.02880702338301
Female,64.82264545850329,142.69703933994302
Female,65.5350871813485,146.135542370311
Female,61.3366590164904,127.34181997766899
Female,57.103869467913796,93.506315903823
Female,56.445685026609496,96.6402446637704
Female,60.8155622040312,132.174817011755
Female,61.4647835289526,137.29916898801702
Female,61.9240636007588,126.431696747156
Female,66.6645901535482,153.94851339574498
Female,65.0826657837113,141.125351061446
Female,63.4931430001388,160.554603918248
Female,64.5902856291067,140.176081684439
Female,61.0243422117445,134.193712558431
Female,62.24708075922871,117.230337235004
Female,65.0601256724748,140.985245791637
Female,63.219824288674495,142.973406430632
Female,63.2290195165613,131.238126208326
Female,63.2789284322783,134.827593587405
Female,66.0506705716618,138.906378734208
Female,63.0377049362755,127.070393942324
Female,62.62808293500439,121.724752976693
Female,61.6685660209029,111.619612391082
Female,63.4440555002437,126.50763124056101
Female,62.0694248149154,121.96128489573499
Female,68.0068039692137,161.16470918417
Female,66.5349588948616,163.561500746848
Female,62.5498457985719,118.90320396155
Female,65.1822388637889,133.514009654304
Female,65.2269007475441,123.173382052447
Female,63.954830382043895,121.888637124568
Female,63.8260384360516,149.369118956566
Female,64.0912122326925,130.972209739261
Female,59.6456491039143,116.551867007723
Female,64.2992174382013,140.106806448349
Female,66.1576281723834,143.70918393112302
Female,59.088694630918,129.27260752792802
Female,63.961535175707596,140.76218836065598
Female,62.4070641317515,120.30334980526699
Female,65.4607849419499,141.885129657558
Female,64.9819782864878,157.829151800939
Female,61.8176552663779,121.615000159206
Female,63.8260177297046,153.846107496592
Female,64.2707720747361,134.13881613433
Female,57.9619361820506,112.226983636465
Female,58.5972254723861,104.79746335653299
Female,62.4308668218842,127.76524946729401
Female,61.2184548963704,119.27542675258101
Female,61.706393776048294,110.92334427497299
Female,67.4078762473504,159.728213586267
Female,63.041997103686505,122.08724550819001
Female,63.9177194287055,135.697284242661
Female,66.2595580379875,138.839939938552
Female,60.9673174396153,113.79524995330699
Female,62.38284759940989,125.347102031623
Female,65.7528095339208,160.29004845799298
Female,66.2526040466702,150.09645481229
Female,65.95375621906,163.597121888682
Female,62.028373055852,103.275029340058
Female,61.5206085297862,127.39066090400999
Female,65.14361588603249,141.57530032243602
Female,65.2743311062302,136.50850617012898
Female,57.442566968086204,104.486636219839
Female,64.5661075838473,129.775457057716
Female,57.31390273989489,95.13904679816342
Female,61.839229847571495,110.414161092118
Female,63.617815175795705,122.59035594592
Female,64.48516472562861,150.40289869522698
Female,66.11415561157061,158.953933508482
Female,61.668522867676295,112.93559055760001
Female,63.3095949331229,144.017519304721
Female,60.84551199681379,135.956449885158
Female,60.447396660563,117.65378503593901
Female,58.861625096551705,90.7285608829213
Female,66.563772045055,156.83219101961
Female,66.345674662825,158.28513170699
Female,62.6964285223027,134.395978725645
Female,63.113869258777896,124.818530125508
Female,61.7430549493235,111.964092547299
Female,61.629986588353205,111.17246590679599
Female,61.5260223271191,124.88243409814899
Female,64.23446984435779,130.219638125047
Female,61.759546496511,131.022230398974
Female,64.83019327478151,148.984312804607
Female,66.75907054072219,150.881329670661
Female,67.1907633167527,176.432901559757
Female,62.9552737535274,150.582520877049
Female,64.27624273909329,123.29880148206101
Female,60.77915797421989,110.880045352394
Female,60.628498615752605,130.999824233273
Female,59.0280872446527,111.833549001828
Female,63.3060181635752,134.323769255019
Female,61.6199458712052,113.17015612466601
Female,61.197223189220296,115.90639589795
Female,63.218758933242206,140.407857970989
Female,61.97993469277289,119.91084557305099
Female,56.7854343692644,83.9930774713752
Female,62.806199366720705,116.733315098915
Female,58.7512536320208,97.7224905977011
Female,61.23624748896171,111.502707371425
Female,63.319817668249904,119.315988261806
Female,66.909452269651,151.612890693732
Female,68.2767254397253,177.08524192669603
Female,58.6486596777328,100.234250669338
Female,64.0628724771001,142.86946947706002
Female,64.49323625767839,141.735675802085
Female,64.3187898134621,136.113112416632
Female,66.5375281932,162.0245078289
Female,62.674094394711396,147.517898734144
Female,64.31632835256211,135.154220744067
Female,58.0615529715125,113.06072034966999
Female,58.92650270304521,105.329901527587
Female,66.2552984349504,148.832458010864
Female,65.6656495604404,131.339756031349
Female,61.3495814422394,120.500037006939
Female,64.5868557403,147.179384480972
Female,65.46554700770311,150.46916071236402
Female,63.0140721214378,129.189009965093
Female,64.85254997534061,140.228602729561
Female,63.1819005014715,144.684993267094
Female,62.027357486443904,131.358662095764
Female,64.77087208170279,139.03457517383498
Female,61.4565043263512,119.54849749328501
Female,65.2713830952983,145.245082896938
Female,64.3927112060248,133.318356933567
Female,62.5989133602596,119.146173612437
Female,63.85000817841271,149.76188560303498
Female,65.2968684923415,150.253650333801
Female,65.129065854611,147.772480425275
Female,64.49042271435921,157.116970421069
Female,62.4570895407546,124.436526398277
Female,67.40316149147661,154.259068464375
Female,70.39273782792401,184.65861047995702
Female,61.791885722479,118.16639423242901
Female,65.333637392558,149.725394082419
Female,68.17489212446439,144.81790764884198
Female,64.4670652353147,143.66338228720198
Female,63.6004800623691,131.040872806245
Female,65.0600117405822,144.758964434927
Female,61.1247265949404,117.38894897873301
Female,64.6768789154258,131.1821481418
Female,65.6706172883962,158.04433309415302
Female,65.6299184575689,130.134356372411
Female,62.8119078563338,129.822383356382
Female,61.7526959532595,112.90994781459
Female,63.47587219709929,127.160704835653
Female,60.894519470512705,128.103419034246
Female,62.934926214800605,132.61652537077998
Female,64.9600151276839,154.739031155818
Female,68.5049300948965,155.720652613621
Female,68.48136864136599,180.922454085005
Female,66.1100750805556,176.352784845131
Female,61.10420512965629,133.184099825599
Female,62.5013641801295,128.581091995706
Female,63.9867085026774,146.265814757148
Female,65.50272428699991,150.30095017520398
Female,61.4687033842901,128.742972861135
Female,63.30608623850021,128.72968825653498
Female,63.01236239199061,128.14881290463498
Female,66.6682857273936,145.34609366298
Female,59.5287882585904,114.75210172370899
Female,58.9871389352788,100.743008049753
Female,63.96594219421221,130.611869495422
Female,61.659921754830705,104.34246980749599
Female,65.8750206552292,146.962716661053
Female,70.4354630538055,163.21806155229402
Female,62.645041737789796,117.46063637971399
Female,62.965921829908105,130.024532169872
Female,63.92177623357821,135.665990376898
Female,67.40852785221871,157.853324468035
Female,64.0724731933834,153.465039447212
Female,60.85962003725571,112.09075333463899
Female,62.5174090733556,128.661047841967
Female,63.599372643089296,130.048574977112
Female,60.96991272521811,115.22816590943
Female,63.1868648875671,132.977067402018
Female,67.151191453272,166.520118793196
Female,60.8077120880396,117.18353155264299
Female,65.5647207551733,155.256044301334
Female,68.5841947603568,165.807872916003
Female,66.98698012936751,155.33023439413
Female,59.304006674877,124.667939944881
Female,57.397740365323294,106.58756270740999
Female,63.3000056139882,121.948216965336
Female,63.9304349811277,134.40915948021402
Female,66.3948756331919,162.303398750158
Female,65.3799742061384,142.875141463859
Female,61.4586449817035,109.20833136434999
Female,62.070396415328396,119.29898678755801
Female,60.91177091918329,131.710812833578
Female,67.0419717239002,139.993373972995
Female,58.445072844573204,90.40667477003771
Female,62.22450202218639,133.875237869795
Female,60.717782844362496,120.56957601819201
Female,63.5687601892505,154.14541190635
Female,62.1916974375019,112.935460903956
Female,59.7764551910631,120.743637801798
Female,61.6273472434732,123.637225339968
Female,62.42696120657829,127.61650595070101
Female,60.24335877133429,131.661110167329
Female,61.099684522662,117.196783823799
Female,63.8035583689906,146.069789093321
Female,60.1214940797834,110.27739909698201
Female,62.1515390284783,117.622643059512
Female,60.8455082792894,107.44605441832898
Female,60.8149266614059,110.141214580722
Female,66.6406919712605,133.006943491138
Female,63.973447899967795,149.408992650491
Female,62.1103513180408,136.870855338002
Female,64.6232920305636,134.611015330786
Female,65.2359128237191,128.446414954298
Female,62.974785101719796,137.474569849565
Female,64.7207937398357,143.840839802554
Female,61.991103315523006,124.263052907899
Female,63.0344867270615,125.46701614259199
Female,61.7220786947145,107.22470708194099
Female,66.235472294563,149.413467570318
Female,64.9485359270927,155.133186403789
Female,68.0047071978932,142.289254801081
Female,63.5649944650528,134.111374252931
Female,65.9047444550849,126.27703989264499
Female,61.5826702131507,127.686515250633
Female,60.8508818055655,108.945837143582
Female,61.470937755893004,114.674279364657
Female,63.2365175403148,132.175494890553
Female,67.9453913666469,162.163974662772
Female,64.3635203905005,155.57349937338
Female,55.336492408949006,88.3665825783999
Female,61.58719642729711,117.47814943788099
Female,67.09858325273501,160.693329855376
Female,66.4708459825994,161.374932965809
Female,65.0497203709364,128.03908607911
Female,61.1779832423059,121.32706245028
Female,65.94265808368071,157.022986870301
Female,62.1960203776221,124.157289067095
Female,66.9351291414654,154.947305136066
Female,61.4323999425898,127.84452003177
Female,62.996069969002,141.072078285295
Female,62.732091960196506,126.37378488252399
Female,62.164904387045,119.3042130336
Female,62.9254755099168,120.192431587993
Female,62.4557192957967,138.360765182304
Female,55.668202120512106,68.9825300912419
Female,60.9601467947002,124.87679569485901
Female,65.47109104987639,144.37912183320802
Female,60.8929255610217,134.713555165105
Female,59.80509278007461,102.147229843053
Female,64.4434955523069,151.52394728002898
Female,69.0078312369192,159.086870772944
Female,66.6546363773709,156.76429192754
Female,64.3283172106086,134.744705000123
Female,63.7850382085228,152.559196426352
Female,66.5560973073082,154.39341744984
Female,65.5674452507982,166.959825735408
Female,67.8037894478938,162.509490965831
Female,68.3171198579942,150.53320061435
Female,67.4606049324002,165.866935218659
Female,61.4552792378346,101.80110455674499
Female,59.973722018482,111.22429008386801
Female,62.7867326752516,107.695853478586
Female,62.071202111297296,122.633793869728
Female,57.882977877878,110.72597214264799
Female,59.239198758613796,111.181236095562
Female,60.848343238166294,114.949997304144
Female,59.763400443441704,112.74136200221201
Female,63.6846975166008,134.263881206765
Female,62.6359268260796,119.78916010103501
Female,65.1252205395475,141.59721821297398
Female,57.8697044083998,93.533752874761
Female,69.9094619536732,162.465432383775
Female,62.8616279247227,135.520535634779
Female,59.631909901369895,109.281638742373
Female,64.3254057975894,156.800503578845
Female,62.774532339054794,144.906207413141
Female,63.642045335268,118.18671786115601
Female,69.8258260971064,171.486365149906
Female,60.1625103505144,94.232330573943
Female,62.2851140096946,132.091499136112
Female,64.328491192675,135.819093790461
Female,62.518233716090094,129.279567833282
Female,62.892830839633504,131.130446581715
Female,62.39615363335529,127.032748132563
Female,60.1211674783819,113.40696673499599
Female,62.0910912813511,123.69790329122401
Female,64.2556542421888,142.503455243134
Female,66.351365899781,131.27799025699198
Female,64.7446553819592,125.77581230384399
Female,64.4044917904229,142.161396233841
Female,69.3217453937076,157.161889030641
Female,61.8635413009161,127.01896616815901
Female,64.56048837578689,134.198153325494
Female,66.82440769386729,165.966231405226
Female,64.7858059969865,147.19093511155398
Female,63.73111284935921,135.598592190331
Female,66.323922447613,153.22004286203898
Female,66.2572465189432,142.715293703949
Female,61.705575790799706,126.787299377007
Female,64.6875911866408,124.728487203707
Female,69.7949870329252,182.45116816137002
Female,61.1619212877002,119.04016183705
Female,63.3710129855295,139.29993458016898
Female,66.4188654356773,134.244934974749
Female,64.64261274222041,128.60625411525498
Female,63.291301795676006,126.409991249452
Female,61.8245071244127,133.692684009314
Female,67.03246647828391,179.72732503912601
Female,59.33510789021339,120.819870074702
Female,61.236987796791496,114.160746392997
Female,57.9231593597871,100.54004284202401
Female,63.406084924954904,129.372212442842
Female,64.42841794434,142.205860672309
Female,65.2363218490845,143.93934755402202
Female,66.5350086370735,147.50191379755898
Female,65.7477314420735,145.576248360178
Female,63.73173268169911,114.26974955483401
Female,61.5797765712626,117.903634880013
Female,59.25272547162311,139.140812286463
Female,61.4562621266792,117.02871683182501
Female,62.611869335698,134.76589895282498
Female,68.7596360266078,153.68973852465
Female,64.5974345354265,144.33032014199
Female,60.60301011862129,100.001590658139
Female,64.657939990267,134.444784807854
Female,62.453815607211894,132.69731724647198
Female,62.4053361255275,116.602306473742
Female,64.78555122185429,148.431176858902
Female,65.08774425493529,148.264304715129
Female,62.077522948174106,128.493024202435
Female,66.4651840424592,160.083864210568
Female,62.5478779512339,125.598026309247
Female,65.9785772877327,141.113930522559
Female,60.8896815106693,116.567487619501
Female,62.750996714414605,120.54515292797001
Female,63.7355604496328,142.49120367490602
Female,63.1992030737393,125.467253919726
Female,62.1486693111973,131.114126484876
Female,63.9714726655432,150.377404742749
Female,61.472110562733,118.918114328354
Female,64.9485469479208,141.689745352379
Female,62.1121735944475,118.97932616476
Female,63.910515774082604,140.730951619697
Female,65.2410722836874,150.229901485131
Female,64.3178639340617,114.065008310172
Female,65.0376071535425,140.190188753279
Female,57.31302351635549,93.876437404092
Female,63.21573488063001,127.00515887195299
Female,66.8927365581372,161.098982098272
Female,63.973924665384295,133.45950261331998
Female,60.541779616351604,118.376376113162
Female,65.2631142388383,138.074901360749
Female,63.458053718486795,133.575257573268
Female,65.0533825651357,150.10649358700002
Female,63.221907189159204,140.27283435912
Female,65.6529509085425,151.18209801702102
Female,60.552125521808904,113.232336211797
Female,60.5858203774355,112.59949399217199
Female,66.6743600250031,132.00428008108102
Female,63.2065614774725,129.954140226785
Female,68.3067631381034,166.781194968542
Female,63.58027647170871,135.780213650099
Female,60.918025241683104,119.772634041478
Female,61.2923629781984,118.330546968483
Female,64.8290993311632,154.856569081163
Female,63.26397712028871,139.071144275766
Female,64.3082114857892,140.879463008474
Female,62.5871156965349,153.57434844722098
Female,67.3109193480839,160.395789915512
Female,64.062578774024,137.254518317345
Female,64.241109008327,142.579014412498
Female,60.5115488791556,123.693718263582
Female,64.5508407642547,133.311057115518
Female,66.03699064905379,150.994562500593
Female,61.698941106005705,117.003707390074
Female,63.671971952486494,149.155947076426
Female,62.967519698705594,124.810695121021
Female,68.2692742007694,155.587147229121
Female,63.391787270845796,144.049387433744
Female,62.4880358544193,138.393841101676
Female,65.3136848056351,136.880954026378
Female,65.4110529854993,146.977077807044
Female,65.8200234464721,155.941972817023
Female,66.3323351436742,147.725695974025
Female,65.5819630301696,143.54124221216298
Female,64.3409196248961,137.84107485406602
Female,64.6237587121933,148.922934610244
Female,65.1762534245278,139.996347326218
Female,61.8348171745656,141.039826994712
Female,64.400188270258,140.033502099948
Female,64.80221251769339,149.631948558897
Female,66.7006517050195,173.532518008275
Female,63.9214312444869,142.843103380073
Female,64.6539409098882,135.07388613303002
Female,66.2292600252637,169.101686826467
Female,60.9364387860402,118.618540931868
Female,62.417226579126606,130.795699390072
Female,62.985253475543004,122.32200045075399
Female,60.5583547356878,121.465205228422
Female,62.7929560060569,144.87539767706699
Female,67.30340544450729,165.018629756849
Female,59.390279812592205,123.830413116507
Female,63.674482439173495,134.66023215101802
Female,65.81900667250301,170.627119265832
Female,62.6223371329449,106.593985687972
Female,64.1515761711753,130.434558208938
Female,70.1551179927514,164.00337021960698
Female,68.2593111409607,171.856035488825
Female,59.9684185677438,115.47681284055099
Female,58.417163446819,96.4221710048584
Female,61.307445694053605,137.06508495809402
Female,63.551069722422895,133.37869908068
Female,65.42851047581489,128.039695652442
Female,61.4944578000568,129.420924180631
Female,62.131749906688206,132.808352593369
Female,63.4355938700062,120.18468270180401
Female,66.9710141729402,166.398387131634
Female,64.4828948391264,143.339869524192
Female,64.1761633597464,129.602202769888
Female,67.0134125677726,166.43663559138702
Female,62.681352506608,144.199475712639
Female,65.28205443194429,160.485732696033
Female,66.1390603645017,151.500754694049
Female,64.2980081681169,121.339437182554
Female,62.6332596216282,137.976895846461
Female,63.08417104439071,148.955189789064
Female,63.2324193735435,131.906070938145
Female,64.8180778022974,151.493586981401
Female,61.0085441877015,118.038053266885
Female,64.7432660120597,141.434997471028
Female,63.144169145211,120.555017173442
Female,63.141208873533,138.651477740768
Female,64.366194026362,149.660186416663
Female,63.217487894559795,135.601005744142
Female,60.8077724069542,112.436341613195
Female,60.43596415995479,118.098866565329
Female,66.3770424654759,151.30918007298
Female,67.6291331328271,163.112272488408
Female,63.091703137238,121.008872902635
Female,67.5354147442836,175.019563892355
Female,65.40103859423729,158.224826445444
Female,58.9969439920839,113.734396983804
Female,66.5689402328776,149.082480309893
Female,67.129880241637,146.604283911017
Female,61.991561049211505,129.321530441353
Female,65.11106366213039,129.070359037732
Female,65.220797969986,151.569783701549
Female,61.60059708772389,136.609345601026
Female,66.2954044521177,154.69673164677
Female,62.6164606594454,114.98839190505501
Female,69.3299216808351,167.582852426375
Female,63.2380660879524,115.985360957491
Female,65.013435001229,140.60083113943
Female,60.6748561538626,128.615808477141
Female,65.3866908281118,154.23936333121202
Female,63.102849718661794,153.520357385879
Female,63.024223461681096,131.639253708063
Female,64.49548969278271,142.495848026494
Female,63.6691129398454,141.914930746632
Female,62.109757042521494,124.483947181836
Female,67.0688136559148,152.456870971246
Female,64.5563984334083,146.41154169510298
Female,66.0049985990387,146.668808011168
Female,63.826054612441304,125.556013177822
Female,67.6166729266317,171.112202786287
Female,66.5384938612383,164.16185701979902
Female,62.53765881224461,124.920283434545
Female,69.0583292258541,174.727654536209
Female,64.1981553087341,130.296177151677
Female,65.06591431946299,154.493133335891
Female,63.17674123640929,133.30596296052
Female,62.8924807371768,142.89562591325702
Female,61.500486534324395,126.088338208402
Female,62.5092134625984,132.122065997657
Female,65.81759650516321,138.710513674517
Female,62.6992776704058,126.63987123399099
Female,62.00450676751161,136.975398054233
Female,64.1571004654397,130.624199724108
Female,61.025224979151,121.055279305515
Female,62.7430546559301,135.352914549541
Female,62.763723922867,134.619078048893
Female,65.5488123192662,150.069691938647
Female,63.115267498178994,127.508135982421
Female,63.7387846485527,136.204024074546
Female,67.4816970921321,170.617082005891
Female,59.762156488395995,95.50033085314449
Female,64.0269597600027,138.87640638951
Female,63.9323879354694,130.936857530366
Female,68.2618555144814,173.395692395635
Female,60.2762621629998,92.03794303979191
Female,63.238524711884395,109.197849767591
Female,65.3397249536015,161.43165750607702
Female,62.0693336458313,132.65470114197902
Female,65.9876102918289,166.844114319683
Female,63.60015169032639,142.682825085499
Female,58.621204275493604,105.68255596240101
Female,62.351618070959994,147.776633057825
Female,62.064464782075994,135.553886774225
Female,65.13299844322971,163.390770134078
Female,63.78045053571589,125.964967064398
Female,61.595700475738,125.69044556505399
Female,63.140719924336004,134.749660807651
Female,61.387690047025394,139.325303119848
Female,62.4040612072824,132.859670011568
Female,63.0996464734617,127.897077555075
Female,65.28709944289389,145.469236629349
Female,67.8334497064817,180.289831374591
Female,60.9011029650348,117.069212796024
Female,62.0118603437534,122.70938436316999
Female,68.0060889738665,160.498871328297
Female,64.41866416530421,159.951109604137
Female,64.7420043709058,146.046996429122
Female,61.177417249355,119.026199791625
Female,69.12881469803929,173.743433577378
Female,59.7616961246051,106.181546007383
Female,63.8829118578512,133.274269386444
Female,63.59889259958221,124.82955013856599
Female,66.5002841569765,164.21237806245
Female,64.39724056546,148.369054489955
Female,67.5558985148114,154.436977189173
Female,63.4876370769227,152.939283220944
Female,62.1989274746945,134.416769094881
Female,65.3279690131631,139.04543565718
Female,66.7661566062845,152.944405048544
Female,64.12314824230971,144.457759045625
Female,66.5485395589009,155.940305599885
Female,63.791582056712706,137.413177969282
Female,66.1837581260769,146.077559642319
Female,65.03453684075521,145.706062161174
Female,58.3992732847804,114.91452377553101
Female,62.7552630779708,143.679072724016
Female,61.0169136485069,122.55113134650499
Female,60.410610948908904,106.64229399473601
Female,65.23813844253611,135.648212327642
Female,66.2136806163984,142.91653374882
Female,63.374620073333,130.403337418144
Female,65.888565594617,136.802560143162
Female,62.088631579575704,112.74810975760201
Female,63.9256629281186,146.80505773827
Female,58.781757632403604,90.7747091832357
Female,65.6031682309183,152.793643566824
Female,66.290520331928,139.93939370493402
Female,65.4202438116462,142.726785943638
Female,68.1270163237332,155.431006532304
Female,67.3990489604949,161.38735589303602
Female,68.3016220795609,168.786938659971
Female,68.821431782895,188.691862114076
Female,64.16433660154321,139.644700239823
Female,66.5867359089946,143.998415428368
Female,68.19779554402639,172.381274901777
Female,67.9105865875531,164.39526172205498
Female,69.3797348894693,177.700043739673
Female,64.5562119271014,146.33589683184601
Female,64.99760979653439,123.868429160287
Female,60.73255920126571,129.93164947606002
Female,66.6670985158094,161.034529438125
Female,65.4259315004385,142.45112203971001
Female,65.0563251192091,148.80573965202
Female,66.2451658543593,165.61655605683998
Female,65.3286775638761,133.693674862405
Female,63.761419932705,117.551987292536
Female,66.6157115789694,148.707952227472
Female,64.705436895879,146.848712168825
Female,60.6808456196719,113.642060430966
Female,63.784909476139,140.410741148516
Female,60.85835314236179,117.696491881752
Female,64.85997323972201,140.784838024313
Female,65.80002802435,151.5569464191
Female,62.6330053145602,127.536664725424
Female,63.386660312588994,114.504560767949
Female,62.573491827726,120.583444827689
Female,70.66430035038908,162.281555177633
Female,62.7213495566306,119.486517223659
Female,67.3919259559781,167.488226481695
Female,59.5596477140795,110.91822563475401
Female,63.68803987945189,130.336549114258
Female,63.7414312550819,140.45404847504102
Female,66.2173148683178,143.042566799264
Female,61.511383226993,135.051580448911
Female,62.7810480514985,135.628790604296
Female,61.9455232926966,110.657142075488
Female,66.2048298983819,137.164879397097
Female,63.7848705959536,134.228371270992
Female,63.128042988196,136.592800500294
Female,63.8894436057504,144.37596784709
Female,66.83723036941379,152.919820790312
Female,66.0554726305611,150.995672533918
Female,64.2646579812066,162.804122273241
Female,61.489633660181106,119.330341229469
Female,66.8302430947442,165.352733012123
Female,60.1078614836828,122.36378940363899
Female,65.177100228481,134.67124912697
Female,62.4587916193706,136.098915292115
Female,61.36405241038221,115.175752886687
Female,63.623574223705,137.90463330872498
Female,60.772054383575295,103.274543570465
Female,64.5422498909552,162.413463280536
Female,65.5981804983064,145.080404329489
Female,67.5170380601641,169.308893401756
Female,61.8314398602573,144.912759286863
Female,57.654885027864296,98.87672254559921
Female,66.1629308541201,158.172355213959
Female,65.6923233964042,174.794468987562
Female,58.6428888204366,91.13630365729959
Female,66.2150732581635,175.08099369955102
Female,59.0017419565727,102.47866467065501
Female,67.9652660098935,147.304044263115
Female,68.258236847678,165.845779437455
Female,64.13259552011999,150.518295372649
Female,65.05626826711,141.16010050947202
Female,60.213395370251206,109.66281317992001
Female,61.1201164293565,123.581164718325
Female,69.1192918242978,168.864402796581
Female,66.7398825824609,152.936623367452
Female,61.712266764213894,129.77713048108
Female,66.1685183044283,172.00699796541699
Female,56.07869973249479,94.4883740514904
Female,67.95981356063051,175.35345034029498
Female,63.3499879341012,139.22315103529698
Female,61.450282166580706,100.81799616483801
Female,68.5054423225546,176.90492123649102
Female,61.4680996449647,122.86849859400999
Female,68.46971540086899,172.577358071262
Female,65.40302572735071,146.95038871544799
Female,56.108902096181005,80.5312593808895
Female,67.4643693664088,175.837259465974
Female,63.9165972026092,145.62429058958202
Female,64.8066858300476,138.485217717169
Female,61.2244579969429,130.539050835342
Female,63.5720738747121,139.189754635499
Female,58.5038208838195,102.124460727719
Female,68.1601590941242,158.096183401911
Female,63.7560237265498,148.878322871828
Female,66.39968697500261,148.633153610737
Female,59.5676198493025,130.11924560847999
Female,64.0607208343705,137.79869141792298
Female,61.82295631577471,151.621748021954
Female,67.7635043217747,154.041758704619
Female,59.550766330213,132.98838873545
Female,62.667580120138,124.03397782371201
Female,65.94178819407479,142.839645892174
Female,60.78688352075971,133.235538441663
Female,67.3824748767537,158.81750239702998
Female,62.8140534616654,114.333915530655
Female,63.3665552927455,128.03723531909
Female,67.3571661976723,163.667183228395
Female,62.565730399894896,128.87119625606599
Female,63.0711709583662,141.214977779151
Female,62.234632985201394,118.852705355753
Female,60.6794569073923,120.952343048977
Female,62.1406891954094,117.28723413628799
Female,60.503326538783206,117.67317903270799
Female,62.1839823428074,131.659119191964
Female,64.489375631941,141.926122065719
Female,65.268411971242,148.201080454699
Female,66.78882198784001,152.410698939111
Female,59.891396619157604,108.625579032739
Female,66.20659769911529,169.089759579162
Female,67.9022522420795,150.72444877668502
Female,59.0866684886879,101.03715361058501
Female,69.12915563251511,164.81908286243998
Female,66.81189039961,139.78647557989902
Female,64.1504027430315,144.985145957166
Female,63.26327460569961,137.364902527897
Female,62.6176900041191,138.082482281735
Female,64.7256018545135,157.971880190933
Female,63.44051580011999,140.143427227101
Female,63.4029164816637,118.271687679224
Female,64.295861990972,120.115820761886
Female,60.266154767081005,106.138265858869
Female,64.923624559071,122.485795292252
Female,66.5173447485184,143.07419803154198
Female,64.3289227653181,140.181267726941
Female,65.3410408308385,148.721399690314
Female,62.242208437634496,133.324581124254
Female,60.626394347752296,128.61738070055202
Female,64.469422853858,135.19397187558098
Female,66.414583993891,150.95769958914101
Female,68.9749909103401,167.219940456707
Female,61.984229863447105,117.640454127762
Female,62.160849287322904,118.51231084713699
Female,61.4105897100327,139.89981830848498
Female,64.7471479759165,124.54668563242399
Female,63.844059844895604,140.008238050349
Female,66.258258030821,160.530052507513
Female,64.6045811718413,151.03097235234898
Female,64.4097945427114,136.245058498943
Female,67.8247150033196,153.269571608594
Female,63.732847083697,144.777657493938
Female,69.27197824064861,168.181741476728
Female,67.6435386568677,145.907967969146
Female,60.5684836937429,110.490718413001
Female,60.037287660545,117.60587379574899
Female,59.6266045472612,107.47173243874599
Female,68.3334475088363,175.134535138437
Female,65.6879082977069,158.840720250103
Female,68.1679857043417,164.961351967609
Female,67.51839902337579,151.76431358298902
Female,63.462619829707606,126.689845437587
Female,63.7430398445612,126.293962316978
Female,67.0736607623134,160.459758969941
Female,62.694682057334006,126.69271426907801
Female,67.2346539451645,153.426506052046
Female,62.8032334146675,126.01056566712299
Female,62.11751221194489,137.282178100606
Female,57.8073228489915,107.705025913598
Female,63.4138540642601,121.200849225363
Female,62.385534149691296,137.53367049723698
Female,62.0501442011013,127.051031458001
Female,63.7780793626365,149.894951440861
Female,68.71741964897471,166.799975787303
Female,65.0779682795104,148.733153676712
Female,61.56060911978379,116.62679828740299
Female,61.7189238838311,121.60650860022
Female,64.5216098418886,147.02501055635798
Female,60.77105849760979,109.837385673708
Female,65.2547298526553,140.50538661802798
Female,63.2546663036786,135.865663634336
Female,65.0422212012702,142.904254064657
Female,63.783870403793706,139.340537312666
Female,62.920049494601706,131.57367513268
Female,63.271718526254,149.122726526788
Female,64.4243382873525,136.97695183059602
Female,65.1550798754679,137.806165718192
Female,64.24281547247189,138.40649638540899
Female,61.8936565184405,117.64610293375999
Female,62.7559587583006,122.51531957217199
Female,67.7112315413313,145.40844628998
Female,66.2939197475216,168.143509951866
Female,58.5775758255851,109.05162928531999
Female,61.651771889464996,129.028241356304
Female,58.4709836424501,103.04595284520599
Female,64.9563447510511,144.759089436304
Female,57.94709110034929,91.46899763370679
Female,68.1114186443258,154.78588283783898
Female,60.1438688169522,107.16605058827801
Female,65.6426217600759,155.911023326178
Female,63.8227248654108,138.895712416732
Female,67.5466633053304,150.887869458715
Female,67.4502833890771,168.517067145212
Female,64.9641466246892,125.82007153279899
Female,62.149295755193,131.11497267071
Female,64.6013585348886,168.907893686434
Female,65.1142153551371,142.971914418017
Female,64.3105091847238,158.745129301723
Female,62.659343958443095,124.25721124783199
Female,63.963226842032,110.58100185552401
Female,64.9346429569326,129.21935450337799
Female,66.6903528715739,157.793825220765
Female,68.0222823506091,162.65252823323
Female,62.902728801033405,137.041794764637
Female,63.66579779067389,122.148252708969
Female,58.3768121939762,96.57921203299651
Female,62.2438493000684,113.29063745558999
Female,67.27724957480271,155.642603187778
Female,61.9236976699269,134.682126594453
Female,61.6466411754478,134.475773050625
Female,63.132339355837004,130.514736487237
Female,65.6783060394966,146.51337666912
Female,61.8272781508049,129.68531010624
Female,61.66643508503079,120.60615927242901
Female,65.6981278803086,145.62518419732598
Female,59.2644116953942,117.535231988082
Female,64.5206270450062,133.29423825886101
Female,63.9056469656532,169.079129369228
Female,60.6143859598376,130.370011518555
Female,65.9394256591248,157.16036354021
Female,59.279653971792605,86.8907118416325
Female,66.8024913405,152.067766650711
Female,63.79052863474689,122.121197764408
Female,65.6820332301062,137.067229035461
Female,67.4130635740314,146.090040562755
Female,64.765449819323,150.560675298113
Female,66.3239655671198,148.938463980075
Female,63.6953074251025,120.96557631701
Female,61.7503104664995,141.28549954318
Female,62.3446077262348,128.732390202663
Female,66.3874352909995,124.27755195456
Female,61.5954743189745,140.376801203415
Female,67.9417369115361,142.96197793527202
Female,64.7154646660173,146.189493253909
Female,64.5056539129233,143.043457846382
Female,62.78886778624471,130.071925160203
Female,69.2467636974264,168.218019463714
Female,60.949561674746796,114.79140102558901
Female,65.7774433977874,167.68623173830798
Female,70.0839211281893,165.771322537549
Female,64.39909115883921,141.730512557911
Female,62.2671781021688,129.351649873223
Female,65.3415308457202,164.030416532173
Female,65.88001399699199,131.76144282239798
Female,60.6803877196751,119.195697933808
Female,64.3870614645801,133.11521286081302
Female,68.0593085975349,150.97967779638
Female,63.9896920632008,141.487752526284
Female,64.1020130333803,141.745050046555
Female,64.7490074581613,149.33148734574
Female,63.1516293523298,119.191194477355
Female,60.938698489831495,135.601568354786
Female,61.6943371258118,122.746494612735
Female,65.747710914558,139.838362880126
Female,68.668672203965,168.540757514377
Female,61.6855430637008,126.007336558882
Female,64.3746173880224,135.623948166457
Female,60.443789129043,109.688325769838
Female,65.60635038856671,156.043087297473
Female,62.7842763453096,109.029690178438
Female,61.100516080586004,114.955814222543
Female,65.0203140186567,156.73569283561702
Female,57.481392089645205,87.4965711068527
Female,59.527196962339495,123.04466783730301
Female,62.196274493421,120.008198718904
Female,59.9980659303265,113.944988323158
Female,62.0150135779691,121.23943620090401
Female,62.5905347139169,119.541594250199
Female,68.621342499956,161.35035647878098
Female,60.8543111878693,140.8115139782
Female,62.1458607025379,128.967996843239
Female,59.18173123085629,106.772488510281
Female,61.351113847512295,121.966343592203
Female,68.6038356448301,179.18192407042
Female,64.8314493670077,128.344592012362
Female,63.013256878704006,121.78756657941601
Female,59.83771200869639,127.947748191752
Female,61.962795496995405,133.37476145212202
Female,61.2458279351572,102.91803351719601
Female,61.73903740721,127.16058403374201
Female,62.6188631643794,118.71616812932
Female,65.4808205215746,144.64303168608
Female,62.211842437200794,114.85076230145201
Female,59.9985291119596,96.85648809938101
Female,65.5315538303727,158.598827675123
Female,64.24667195550239,145.028015212802
Female,64.0906870957569,140.530167167976
Female,62.504496880286105,142.63964193098602
Female,62.6435170912578,142.887379341998
Female,66.644634715642,145.540189733852
Female,68.1229008318943,163.344631708686
Female,62.0080771491404,136.997220424575
Female,65.5935629924078,150.935054290217
Female,63.5779273506287,140.760938882789
Female,65.5633590016224,141.29178427082198
Female,56.7576036320284,88.88485317612471
Female,58.0483879435182,92.3258299115623
Female,68.5906667720027,171.17534204573602
Female,63.7011397144788,152.904962789341
Female,63.1788467544409,139.05210235951
Female,67.6321277689353,164.86760520507
Female,66.5400154996689,159.992034952514
Female,62.231306437616,136.681238290303
Female,60.578630682393104,97.9775540088973
Female,63.350341896126395,136.181916612555
Female,67.0492443214269,160.738096384215
Female,67.518692667356,170.330889207843
Female,65.6517073770095,159.490164305561
Female,62.6238524863747,142.94682736847201
Female,63.5004535296126,137.198700301645
Female,65.8710380337067,156.43237846610901
Female,64.8472337284786,144.906885673795
Female,60.2574933105572,110.101139831754
Female,70.9321942044308,175.95440060979598
Female,59.664340624712494,107.32224590993602
Female,62.195908169483005,137.28402696004102
Female,66.3091009385077,147.586500017265
Female,65.67901099044799,148.292152806936
Female,58.8583977310176,98.54936415506201
Female,63.6902996213132,132.97111037753598
Female,63.1667384919388,130.740933092532
Female,60.59772709576839,106.969691988335
Female,62.8250805619894,111.615089915203
Female,62.713652374506395,119.78978266878299
Female,62.205037629471704,122.917881852374
Female,63.857098025804994,125.401719607698
Female,60.978009066076496,125.10433577766001
Female,66.7000747594028,135.856007822104
Female,60.303443076076796,134.694862750144
Female,62.5594947136909,129.439231106236
Female,63.008067129869794,139.39337297568
Female,61.39920631895411,118.243214867285
Female,64.01365360612121,121.81272224477101
Female,62.1000960989526,109.349031666849
Female,65.253688546256,149.531118367038
Female,68.0401433127524,161.881840823847
Female,65.6055753685281,136.14374894910299
